,AUROC,AP,Det@<40%ID,Recall@5%FPR
Full Model,0.958338593974175,0.9964093599170941,0.7256004087889627,0.7621951219512195
No Adversarial,0.979728837876614,0.9982364077551753,0.9621870209504343,0.9501434720229556
No Contrastive,0.8479827833572453,0.9916580279720248,0.4874808380173735,0.5609756097560976
Frozen ESM-2,0.7811219512195121,0.9863262509428289,0.257026060296372,0.31814921090387377
