Method,AUROC,Avg Precision,Recall@5%FPR,F1@5%FPR,Recall@1%FPR,Det. Rate <40% ID,Det. Rate 40-70% ID
3-mer Similarity,0.7233400286944046,0.9853047108062727,0.5111190817790531,0.6753554502369669,0.42898134863701576,0.5304036791006643,0.4630071599045346
ESM-2 Pretrained Similarity,0.9784849354375897,0.9988943749937644,0.9042324246771879,0.9484574868322047,0.6649928263988523,0.9121103730199285,0.8568019093078759
Functional Embedding Similarity,0.9752797704447632,0.9985599655324828,0.8669296987087518,0.9274750575594781,0.5007173601147776,0.85539090444558,0.9093078758949881
Threat Classifier,0.958338593974175,0.9964093599170941,0.7621951219512195,0.8638211382113821,0.21628407460545193,0.7256004087889627,0.8854415274463007
