Mechanism,Precision,Recall,F1,Support
enzymatic_disruption,0.82,0.5466666666666666,0.656,75
hemolysis,0.8873239436619719,0.9402985074626866,0.9130434782608695,67
host_adhesion,0.8833333333333333,0.803030303030303,0.8412698412698413,66
immune_evasion,1.0,0.9733333333333334,0.9864864864864865,75
membrane_disruption,0.9259259259259259,1.0,0.9615384615384616,75
neurotoxicity,0.6176470588235294,0.8571428571428571,0.717948717948718,49
viral_entry,1.0,1.0,1.0,7
benign,0.9615384615384616,0.9730538922155688,0.9672619047619048,334
