Method,AUROC,AP,Recall@5%FPR,F1@5%FPR,Recall@1%FPR,Det<40%ID,Det40-70%ID,Det>70%ID
3-mer Similarity (BLAST proxy),0.7849982944200824,0.9736645526549412,0.6122168840082362,0.7567338282078473,0.48592999313658203,0.6578657865786579,0.42783505154639173,0.596045197740113
ESM-2 Pretrained Similarity,0.9667627682178539,0.9961337443273244,0.8730267673301304,0.9293150684931507,0.8057652711050103,0.8685368536853685,0.7680412371134021,0.942090395480226
Functional Embedding (Ours),0.9967686452763657,0.9996264397333543,0.9852436513383666,0.9896587383660806,0.9399450926561428,0.9895489548954896,0.961340206185567,0.9872881355932204
BioScreen Classifier (Ours),0.9975947213329004,0.9997224768457325,0.9835277968428278,0.9887873037778161,0.9608785175017158,0.9933993399339934,0.9381443298969072,0.9830508474576272
